"Section","A","B","C","D"
"GREP_HIT","NotifyIcon","\\Server\CoCiviumAdmin\CoVault\CoCiviumAdmin\_Work\repos\CoStacks\docs\specs\CoGuardian_Tray_Contract.md","9","- Message loop: if using NotifyIcon (WinForms/WPF), it must maintain a durable message pump."
"GREP_HIT","NotifyIcon","\\Server\CoCiviumAdmin\CoVault\CoCiviumAdmin\_Work\repos\CoStacks\tools\coguardian\tray\CoGuardianTray.ps1","26","$ni = New-Object System.Windows.Forms.NotifyIcon"
"GREP_HIT","System.Windows.Forms","\\Server\CoCiviumAdmin\CoVault\CoCiviumAdmin\_Work\repos\CoStacks\tools\coguardian\tray\CoGuardianTray.ps1","16","Add-Type -AssemblyName System.Windows.Forms"
"GREP_HIT","System.Windows.Forms","\\Server\CoCiviumAdmin\CoVault\CoCiviumAdmin\_Work\repos\CoStacks\tools\coguardian\tray\CoGuardianTray.ps1","26","$ni = New-Object System.Windows.Forms.NotifyIcon"
"GREP_HIT","System.Windows.Forms","\\Server\CoCiviumAdmin\CoVault\CoCiviumAdmin\_Work\repos\CoStacks\tools\coguardian\tray\CoGuardianTray.ps1","34","$menu = New-Object System.Windows.Forms.ContextMenuStrip"
"GREP_HIT","System.Windows.Forms","\\Server\CoCiviumAdmin\CoVault\CoCiviumAdmin\_Work\repos\CoStacks\tools\coguardian\tray\CoGuardianTray.ps1","36","$mi1 = New-Object System.Windows.Forms.ToolStripMenuItem 'Open COHEALTH (GitHub)'"
"GREP_HIT","System.Windows.Forms","\\Server\CoCiviumAdmin\CoVault\CoCiviumAdmin\_Work\repos\CoStacks\tools\coguardian\tray\CoGuardianTray.ps1","40","$mi2 = New-Object System.Windows.Forms.ToolStripMenuItem 'Open CoStacks Repo (GitHub)'"
"GREP_HIT","System.Windows.Forms","\\Server\CoCiviumAdmin\CoVault\CoCiviumAdmin\_Work\repos\CoStacks\tools\coguardian\tray\CoGuardianTray.ps1","44","$mi3 = New-Object System.Windows.Forms.ToolStripMenuItem 'Run CoGuardian scan.ps1 (local)'"
"GREP_HIT","System.Windows.Forms","\\Server\CoCiviumAdmin\CoVault\CoCiviumAdmin\_Work\repos\CoStacks\tools\coguardian\tray\CoGuardianTray.ps1","53","[System.Windows.Forms.MessageBox]::Show(""Missing CoBusMirror SHA. Expected: $shaFile"")"
"GREP_HIT","System.Windows.Forms","\\Server\CoCiviumAdmin\CoVault\CoCiviumAdmin\_Work\repos\CoStacks\tools\coguardian\tray\CoGuardianTray.ps1","58","[System.Windows.Forms.MessageBox]::Show(""scan.ps1 not found at: $scan"")"
"GREP_HIT","System.Windows.Forms","\\Server\CoCiviumAdmin\CoVault\CoCiviumAdmin\_Work\repos\CoStacks\tools\coguardian\tray\CoGuardianTray.ps1","61","[System.Windows.Forms.MessageBox]::Show(""Error: "" + $_.Exception.Message)"
"GREP_HIT","System.Windows.Forms","\\Server\CoCiviumAdmin\CoVault\CoCiviumAdmin\_Work\repos\CoStacks\tools\coguardian\tray\CoGuardianTray.ps1","66","[void]$menu.Items.Add((New-Object System.Windows.Forms.ToolStripSeparator))"
"GREP_HIT","System.Windows.Forms","\\Server\CoCiviumAdmin\CoVault\CoCiviumAdmin\_Work\repos\CoStacks\tools\coguardian\tray\CoGuardianTray.ps1","68","$miX = New-Object System.Windows.Forms.ToolStripMenuItem 'Exit CoGuardian'"
"GREP_HIT","System.Windows.Forms","\\Server\CoCiviumAdmin\CoVault\CoCiviumAdmin\_Work\repos\CoStacks\tools\coguardian\tray\CoGuardianTray.ps1","72","[System.Windows.Forms.Application]::Exit()"
"GREP_HIT","System.Windows.Forms","\\Server\CoCiviumAdmin\CoVault\CoCiviumAdmin\_Work\repos\CoStacks\tools\coguardian\tray\CoGuardianTray.ps1","77","[System.Windows.Forms.Application]::Run()"
"GREP_HIT","WPF","\\Server\CoCiviumAdmin\CoVault\CoCiviumAdmin\_Work\repos\CoStacks\docs\specs\CoGuardian_Tray_Contract.md","9","- Message loop: if using NotifyIcon (WinForms/WPF), it must maintain a durable message pump."
"GREP_HIT","WinForms","\\Server\CoCiviumAdmin\CoVault\CoCiviumAdmin\_Work\repos\CoStacks\docs\specs\CoGuardian_Tray_Contract.md","9","- Message loop: if using NotifyIcon (WinForms/WPF), it must maintain a durable message pump."
"GREP_HIT","4317","\\Server\CoCiviumAdmin\CoVault\CoCiviumAdmin\_Work\repos\CoStacks\docs\bootstrap\CoPrime__Migration_Sanity_Checklist__v7__MEGA__20260121__MANIFEST.json","74","""sha256"": ""2af46e25c42a6dc80bfef23a6bcf250f0623389d2f210c7e53087c84317e72fe"""
"GREP_HIT","4317","\\Server\CoCiviumAdmin\CoVault\CoCiviumAdmin\_Work\repos\CoStacks\docs\bootstrap\CoPrime__Migration_Sanity_Checklist__v7__MEGA__20260121.md","722","- v3 zip: `CoPrime__Migration_Sanity_Checklist__v3__20260121.zip` SHA256 `2af46e25c42a6dc80bfef23a6bcf250f0623389d2f210c7e53087c84317e72fe`"
"GREP_HIT","4317","\\Server\CoCiviumAdmin\CoVault\CoCiviumAdmin\_Work\repos\CoStacks\docs\bootstrap\CoPrime__Migration_Sanity_Checklist__v7__MEGA__20260121.md","1033","- v3 doc `c2c100d811ce37468e1c304641a34f8f7f2e06527957cf0db9a47b8a7f358570` ; v3 zip `2af46e25c42a6dc80bfef23a6bcf250f0623389d2f210c7e53087c84317e72fe`"
"GREP_HIT","4317","\\Server\CoCiviumAdmin\CoVault\CoCiviumAdmin\_Work\repos\CoStacks\docs\bootstrap\previous_extracted\CoPrime__Migration_Sanity_Checklist__v4__20260121.md","17","- v3 zip: `CoPrime__Migration_Sanity_Checklist__v3__20260121.zip` SHA256 `2af46e25c42a6dc80bfef23a6bcf250f0623389d2f210c7e53087c84317e72fe`"
"GREP_HIT","4317","\\Server\CoCiviumAdmin\CoVault\CoCiviumAdmin\_Work\repos\CoStacks\docs\bootstrap\previous_extracted\CoPrime__Migration_Sanity_Checklist__v5__20260121.md","14","- v3 doc `c2c100d811ce37468e1c304641a34f8f7f2e06527957cf0db9a47b8a7f358570` ; v3 zip `2af46e25c42a6dc80bfef23a6bcf250f0623389d2f210c7e53087c84317e72fe`"
"GREP_HIT","CoGuard","\\Server\CoCiviumAdmin\CoVault\CoCiviumAdmin\_Work\repos\CoStacks\.github\workflows\coguardian_shadow.yml","1","name: coguardian-shadow"
"GREP_HIT","CoGuard","\\Server\CoCiviumAdmin\CoVault\CoCiviumAdmin\_Work\repos\CoStacks\.github\workflows\coguardian_shadow.yml","44","pwsh -NoProfile -File tools/coguardian/scan.ps1 -CoBusMirrorSha ""${{ steps.sha.outputs.sha }}"" -MaxSubs 100 -OutPath ""docs/COHEALTH__LATEST.md"""
"GREP_HIT","CoGuard","\\Server\CoCiviumAdmin\CoVault\CoCiviumAdmin\_Work\repos\CoStacks\.github\workflows\coguardian_shadow.yml","53","git config user.name ""coguardian-shadow"""
"GREP_HIT","CoGuard","\\Server\CoCiviumAdmin\CoVault\CoCiviumAdmin\_Work\repos\CoStacks\.github\workflows\coguardian_shadow.yml","54","git config user.email ""coguardian-shadow@users.noreply.github.com"""
"GREP_HIT","CoGuard","\\Server\CoCiviumAdmin\CoVault\CoCiviumAdmin\_Work\repos\CoStacks\.github\workflows\coguardian_shadow.yml","56","git commit -m ""CoGuardian(shadow): refresh COHEALTH__LATEST"""
"GREP_HIT","CoGuard","\\Server\CoCiviumAdmin\CoVault\CoCiviumAdmin\_Work\repos\CoStacks\docs\COGUARDIAN__MVP_VISIBLE.md","1","# COGUARDIAN MVP Visible Surface (Wave1)"
"GREP_HIT","CoGuard","\\Server\CoCiviumAdmin\CoVault\CoCiviumAdmin\_Work\repos\CoStacks\docs\COGUARDIAN__MVP_VISIBLE.md","5","- \	ools/coguardian/extension_mv3\"
"GREP_HIT","CoGuard","\\Server\CoCiviumAdmin\CoVault\CoCiviumAdmin\_Work\repos\CoStacks\docs\COGUARDIAN__MVP_VISIBLE.md","11","4. Pin the CoGuardian icon in the browser toolbar"
"GREP_HIT","CoGuard","\\Server\CoCiviumAdmin\CoVault\CoCiviumAdmin\_Work\repos\CoStacks\docs\COGUARDIAN__MVP_VISIBLE.md","15","- \pwsh -NoProfile -ExecutionPolicy Bypass -File tools/coguardian/tray/CoGuardianTray.ps1\"
"GREP_HIT","CoGuard","\\Server\CoCiviumAdmin\CoVault\CoCiviumAdmin\_Work\repos\CoStacks\docs\COHEALTH__LATEST.md","3","> Shadow-mode CoGuardian v0 (report-only)."
"GREP_HIT","CoGuard","\\Server\CoCiviumAdmin\CoVault\CoCiviumAdmin\_Work\repos\CoStacks\docs\specs\CoGuardian_Tray_Contract.md","1","# CoGuardian Tray Contract"
"GREP_HIT","CoGuard","\\Server\CoCiviumAdmin\CoVault\CoCiviumAdmin\_Work\repos\CoStacks\docs\state\HANDOFF_PACKET__PRIME__260304__20260304T194444Z.md","11","3) Verify CoGuardian tray hotfix is present in main:"
"GREP_HIT","CoGuard","\\Server\CoCiviumAdmin\CoVault\CoCiviumAdmin\_Work\repos\CoStacks\docs\state\HANDOFF_PACKET__PRIME__260304__20260304T194444Z.md","12","- tools/coguardian/tray/CoGuardianTray.ps1 contains '-CoBusMirrorSha'"
"GREP_HIT","CoGuard","\\Server\CoCiviumAdmin\CoVault\CoCiviumAdmin\_Work\repos\CoStacks\docs\state\HANDOFF_PACKET__PRIME__260304__20260304T194444Z.md","18","- tools/coguardian/tray/Install-CoGuardianTrayStartup.ps1"
"GREP_HIT","CoGuard","\\Server\CoCiviumAdmin\CoVault\CoCiviumAdmin\_Work\repos\CoStacks\docs\state\HANDOFF_PACKET__PRIME__260304__20260304T194444Z.md","19","- tools/coguardian/tray/Uninstall-CoGuardianTrayStartup.ps1"
"GREP_HIT","CoGuard","\\Server\CoCiviumAdmin\CoVault\CoCiviumAdmin\_Work\repos\CoStacks\docs\state\STATE_ANCHOR__PRIME__260216__TO__260304__20260304T194444Z.md","12","## CoGuardian (visible surface)"
"GREP_HIT","CoGuard","\\Server\CoCiviumAdmin\CoVault\CoCiviumAdmin\_Work\repos\CoStacks\docs\state\STATE_ANCHOR__PRIME__260216__TO__260304__20260304T194444Z.md","13","TrayScript:  tools/coguardian/tray/CoGuardianTray.ps1"
"GREP_HIT","CoGuard","\\Server\CoCiviumAdmin\CoVault\CoCiviumAdmin\_Work\repos\CoStacks\docs\state\STATE_ANCHOR__PRIME__260216__TO__260304__20260304T194444Z.md","23","1) Add reversible startup mechanism for CoGuardian tray (Scheduled Task under current user; no admin policy hacks)."
"GREP_HIT","CoGuard","\\Server\CoCiviumAdmin\CoVault\CoCiviumAdmin\_Work\repos\CoStacks\README.md","3","This repo hosts early-stage automation (""CoGuardian"") that **reads** CoBusMirror public RAW surfaces and emits **report-only** dashboards."
"GREP_HIT","CoGuard","\\Server\CoCiviumAdmin\CoVault\CoCiviumAdmin\_Work\repos\CoStacks\tools\coguardian\extension_mv3\manifest.json","3","""name"": ""CoGuardian (CoStacks)"","
"GREP_HIT","CoGuard","\\Server\CoCiviumAdmin\CoVault\CoCiviumAdmin\_Work\repos\CoStacks\tools\coguardian\extension_mv3\manifest.json","5","""description"": ""Visible CoGuardian surface for CoStacks: quick actions + status."","
"GREP_HIT","CoGuard","\\Server\CoCiviumAdmin\CoVault\CoCiviumAdmin\_Work\repos\CoStacks\tools\coguardian\extension_mv3\manifest.json","7","""default_title"": ""CoGuardian"","
"GREP_HIT","CoGuard","\\Server\CoCiviumAdmin\CoVault\CoCiviumAdmin\_Work\repos\CoStacks\tools\coguardian\extension_mv3\service_worker.js","2","chrome.alarms.create(""coguardian_heartbeat"", { periodInMinutes: 1 });"
"GREP_HIT","CoGuard","\\Server\CoCiviumAdmin\CoVault\CoCiviumAdmin\_Work\repos\CoStacks\tools\coguardian\extension_mv3\service_worker.js","5","if (a && a.name === ""coguardian_heartbeat"") {"
"GREP_HIT","CoGuard","\\Server\CoCiviumAdmin\CoVault\CoCiviumAdmin\_Work\repos\CoStacks\tools\coguardian\scan.ps1","56","$out.Add(""> Shadow-mode CoGuardian v0 (report-only)."")"
"GREP_HIT","CoGuard","\\Server\CoCiviumAdmin\CoVault\CoCiviumAdmin\_Work\repos\CoStacks\tools\coguardian\tray\CoGuardianTray.ps1","1","# CoGuardianTray.ps1 - minimal visible system-tray surface for CoStacks (MVP)"
"GREP_HIT","CoGuard","\\Server\CoCiviumAdmin\CoVault\CoCiviumAdmin\_Work\repos\CoStacks\tools\coguardian\tray\CoGuardianTray.ps1","2","## COGuardianTray.SingletonMutex"
"GREP_HIT","CoGuard","\\Server\CoCiviumAdmin\CoVault\CoCiviumAdmin\_Work\repos\CoStacks\tools\coguardian\tray\CoGuardianTray.ps1","5","$__CoGuardianTrayMutexName = 'Global\CoCivium.CoGuardianTray'"
"GREP_HIT","CoGuard","\\Server\CoCiviumAdmin\CoVault\CoCiviumAdmin\_Work\repos\CoStacks\tools\coguardian\tray\CoGuardianTray.ps1","8","$__mutex = [System.Threading.Mutex]::new($true, $__CoGuardianTrayMutexName, [ref]$__createdNew)"
"GREP_HIT","CoGuard","\\Server\CoCiviumAdmin\CoVault\CoCiviumAdmin\_Work\repos\CoStacks\tools\coguardian\tray\CoGuardianTray.ps1","22","$icoPath = Join-Path $repoTop 'tools\coguardian\extension_mv3\icons\icon.ico'"
"GREP_HIT","CoGuard","\\Server\CoCiviumAdmin\CoVault\CoCiviumAdmin\_Work\repos\CoStacks\tools\coguardian\tray\CoGuardianTray.ps1","27","$ni.Text = 'CoGuardian (CoStacks)'"
"GREP_HIT","CoGuard","\\Server\CoCiviumAdmin\CoVault\CoCiviumAdmin\_Work\repos\CoStacks\tools\coguardian\tray\CoGuardianTray.ps1","30","$ni.BalloonTipTitle = 'CoGuardian'"
"GREP_HIT","CoGuard","\\Server\CoCiviumAdmin\CoVault\CoCiviumAdmin\_Work\repos\CoStacks\tools\coguardian\tray\CoGuardianTray.ps1","44","$mi3 = New-Object System.Windows.Forms.ToolStripMenuItem 'Run CoGuardian scan.ps1 (local)'"
"GREP_HIT","CoGuard","\\Server\CoCiviumAdmin\CoVault\CoCiviumAdmin\_Work\repos\CoStacks\tools\coguardian\tray\CoGuardianTray.ps1","47","$scan = Join-Path $repoTop 'tools\coguardian\scan.ps1'"
"GREP_HIT","CoGuard","\\Server\CoCiviumAdmin\CoVault\CoCiviumAdmin\_Work\repos\CoStacks\tools\coguardian\tray\CoGuardianTray.ps1","68","$miX = New-Object System.Windows.Forms.ToolStripMenuItem 'Exit CoGuardian'"
"GREP_HIT","CoGuard","\\Server\CoCiviumAdmin\CoVault\CoCiviumAdmin\_Work\repos\CoStacks\tools\coguardian\tray\Install-CoGuardianTrayStartup.ps1","1","# Reversible (no admin): installs a per-user Startup shortcut that launches CoGuardianTray at logon."
"GREP_HIT","CoGuard","\\Server\CoCiviumAdmin\CoVault\CoCiviumAdmin\_Work\repos\CoStacks\tools\coguardian\tray\Install-CoGuardianTrayStartup.ps1","11","$tray = (Resolve-Path -LiteralPath (Join-Path $RepoRoot 'tools\coguardian\tray\CoGuardianTray.ps1')).ProviderPath"
"GREP_HIT","CoGuard","\\Server\CoCiviumAdmin\CoVault\CoCiviumAdmin\_Work\repos\CoStacks\tools\coguardian\tray\Install-CoGuardianTrayStartup.ps1","19","$lnkPath = Join-Path $startupDir 'CoStacks-CoGuardian-Tray.lnk'"
"GREP_HIT","CoGuard","\\Server\CoCiviumAdmin\CoVault\CoCiviumAdmin\_Work\repos\CoStacks\tools\coguardian\tray\Install-CoGuardianTrayStartup.ps1","36","$sc.Description = 'CoStacks CoGuardian Tray (auto-start at logon)'"
"GREP_HIT","CoGuard","\\Server\CoCiviumAdmin\CoVault\CoCiviumAdmin\_Work\repos\CoStacks\tools\coguardian\tray\Uninstall-CoGuardianTrayStartup.ps1","1","# Reversible (no admin): removes the per-user Startup shortcut for CoGuardianTray."
"GREP_HIT","CoGuard","\\Server\CoCiviumAdmin\CoVault\CoCiviumAdmin\_Work\repos\CoStacks\tools\coguardian\tray\Uninstall-CoGuardianTrayStartup.ps1","6","$lnkPath = Join-Path $startupDir 'CoStacks-CoGuardian-Tray.lnk'"
"GREP_HIT","extension","\\Server\CoCiviumAdmin\CoVault\CoCiviumAdmin\_Work\repos\CoStacks\docs\COGUARDIAN__MVP_VISIBLE.md","5","- \	ools/coguardian/extension_mv3\"
"GREP_HIT","extension","\\Server\CoCiviumAdmin\CoVault\CoCiviumAdmin\_Work\repos\CoStacks\docs\COGUARDIAN__MVP_VISIBLE.md","8","1. \dge://extensions\ or \chrome://extensions\"
"GREP_HIT","extension","\\Server\CoCiviumAdmin\CoVault\CoCiviumAdmin\_Work\repos\CoStacks\tools\coguardian\tray\CoGuardianTray.ps1","22","$icoPath = Join-Path $repoTop 'tools\coguardian\extension_mv3\icons\icon.ico'"
"GREP_HIT","chrome.runtime","\\Server\CoCiviumAdmin\CoVault\CoCiviumAdmin\_Work\repos\CoStacks\tools\coguardian\extension_mv3\service_worker.js","1","chrome.runtime.onInstalled.addListener(() => {"
"GREP_HIT","heartbeat","\\Server\CoCiviumAdmin\CoVault\CoCiviumAdmin\_Work\repos\CoStacks\docs\specs\CoGuardian_Tray_Contract.md","10","- Heartbeat: periodic 'alive' log entry."
"GREP_HIT","heartbeat","\\Server\CoCiviumAdmin\CoVault\CoCiviumAdmin\_Work\repos\CoStacks\docs\specs\CoGuardian_Tray_Contract.md","25","- Hover tooltip: includes SESSION_LABEL, ROLE, LastHeartbeatUTC, LastErrorUTC."
"GREP_HIT","heartbeat","\\Server\CoCiviumAdmin\CoVault\CoCiviumAdmin\_Work\repos\CoStacks\docs\specs\CoGuardian_Tray_Contract.md","28","- Outer ring = liveness heartbeat (ticks/rotates once per N seconds)."
"GREP_HIT","heartbeat","\\Server\CoCiviumAdmin\CoVault\CoCiviumAdmin\_Work\repos\CoStacks\tools\coguardian\extension_mv3\popup.js","4","chrome.storage.local.get(['lastHeartbeatUtc'], (v) => {"
"GREP_HIT","heartbeat","\\Server\CoCiviumAdmin\CoVault\CoCiviumAdmin\_Work\repos\CoStacks\tools\coguardian\extension_mv3\popup.js","5","hb.textContent = (v && v.lastHeartbeatUtc) ? v.lastHeartbeatUtc : 'n/a';"
"GREP_HIT","heartbeat","\\Server\CoCiviumAdmin\CoVault\CoCiviumAdmin\_Work\repos\CoStacks\tools\coguardian\extension_mv3\service_worker.js","2","chrome.alarms.create(""coguardian_heartbeat"", { periodInMinutes: 1 });"
"GREP_HIT","heartbeat","\\Server\CoCiviumAdmin\CoVault\CoCiviumAdmin\_Work\repos\CoStacks\tools\coguardian\extension_mv3\service_worker.js","5","if (a && a.name === ""coguardian_heartbeat"") {"
"GREP_HIT","heartbeat","\\Server\CoCiviumAdmin\CoVault\CoCiviumAdmin\_Work\repos\CoStacks\tools\coguardian\extension_mv3\service_worker.js","6","chrome.storage.local.set({ lastHeartbeatUtc: new Date().toISOString() });"
"GREP_HIT","LastHeartbeat","\\Server\CoCiviumAdmin\CoVault\CoCiviumAdmin\_Work\repos\CoStacks\docs\specs\CoGuardian_Tray_Contract.md","25","- Hover tooltip: includes SESSION_LABEL, ROLE, LastHeartbeatUTC, LastErrorUTC."
"GREP_HIT","LastHeartbeat","\\Server\CoCiviumAdmin\CoVault\CoCiviumAdmin\_Work\repos\CoStacks\tools\coguardian\extension_mv3\popup.js","4","chrome.storage.local.get(['lastHeartbeatUtc'], (v) => {"
"GREP_HIT","LastHeartbeat","\\Server\CoCiviumAdmin\CoVault\CoCiviumAdmin\_Work\repos\CoStacks\tools\coguardian\extension_mv3\popup.js","5","hb.textContent = (v && v.lastHeartbeatUtc) ? v.lastHeartbeatUtc : 'n/a';"
"GREP_HIT","LastHeartbeat","\\Server\CoCiviumAdmin\CoVault\CoCiviumAdmin\_Work\repos\CoStacks\tools\coguardian\extension_mv3\service_worker.js","6","chrome.storage.local.set({ lastHeartbeatUtc: new Date().toISOString() });"
"GREP_HIT","status","\\Server\CoCiviumAdmin\CoVault\CoCiviumAdmin\_Work\repos\CoStacks\docs\bootstrap\CoPrime__Migration_Sanity_Checklist__v7__MEGA__20260121.md","677","- Ops gates status (what is enforced vs advisory)"
"GREP_HIT","status","\\Server\CoCiviumAdmin\CoVault\CoCiviumAdmin\_Work\repos\CoStacks\docs\bootstrap\previous_extracted\CoPrime__Migration_Sanity_Checklist__v3__20260121.md","201","- Ops gates status (what is enforced vs advisory)"
"GREP_HIT","status","\\Server\CoCiviumAdmin\CoVault\CoCiviumAdmin\_Work\repos\CoStacks\docs\COGUARDIAN__MVP_VISIBLE.md","21","Wire popup + tray to local CoHealth status + receipts, then (optional) startup task (reversible)."
"GREP_HIT","status","\\Server\CoCiviumAdmin\CoVault\CoCiviumAdmin\_Work\repos\CoStacks\docs\COHEALTH__LATEST.md","18","| Sub | Status | LastUTC | LastState | RAW |"
"GREP_HIT","status","\\Server\CoCiviumAdmin\CoVault\CoCiviumAdmin\_Work\repos\CoStacks\docs\specs\CoGuardian_Tray_Contract.md","15","- Tray only renders status and can restart headless runner."
"GREP_HIT","status","\\Server\CoCiviumAdmin\CoVault\CoCiviumAdmin\_Work\repos\CoStacks\docs\specs\CoGuardian_Tray_Contract.md","16","## Icon Status Telemetry (UI Contract) — 20260305T142820Z"
"GREP_HIT","status","\\Server\CoCiviumAdmin\CoVault\CoCiviumAdmin\_Work\repos\CoStacks\tools\coguardian\extension_mv3\manifest.json","5","""description"": ""Visible CoGuardian surface for CoStacks: quick actions + status."","
"GREP_HIT","status","\\Server\CoCiviumAdmin\CoVault\CoCiviumAdmin\_Work\repos\CoStacks\tools\coguardian\extension_mv3\popup.js","2","const status = document.getElementById('status');"
"GREP_HIT","status","\\Server\CoCiviumAdmin\CoVault\CoCiviumAdmin\_Work\repos\CoStacks\tools\coguardian\extension_mv3\popup.js","6","status.textContent = 'active';"
"GREP_HIT","status","\\Server\CoCiviumAdmin\CoVault\CoCiviumAdmin\_Work\repos\CoStacks\tools\coguardian\scan.ps1","33","$rows.Add([pscustomobject]@{ Sub=$sid; Status=""MISSING/UNFETCHABLE""; LastUTC=""""; LastState=""""; Url=$busUrl })"
"GREP_HIT","status","\\Server\CoCiviumAdmin\CoVault\CoCiviumAdmin\_Work\repos\CoStacks\tools\coguardian\scan.ps1","46","$status = ""OK"""
"GREP_HIT","status","\\Server\CoCiviumAdmin\CoVault\CoCiviumAdmin\_Work\repos\CoStacks\tools\coguardian\scan.ps1","47","if([string]::IsNullOrWhiteSpace($lastUtc)){ $status = ""NEEDS_UTC"" }"
"GREP_HIT","status","\\Server\CoCiviumAdmin\CoVault\CoCiviumAdmin\_Work\repos\CoStacks\tools\coguardian\scan.ps1","48","elseif([string]::IsNullOrWhiteSpace($lastState)){ $status = ""NEEDS_STATE"" }"
"GREP_HIT","status","\\Server\CoCiviumAdmin\CoVault\CoCiviumAdmin\_Work\repos\CoStacks\tools\coguardian\scan.ps1","50","$rows.Add([pscustomobject]@{ Sub=$sid; Status=$status; LastUTC=$lastUtc; LastState=$lastState; Url=$busUrl })"
"GREP_HIT","status","\\Server\CoCiviumAdmin\CoVault\CoCiviumAdmin\_Work\repos\CoStacks\tools\coguardian\scan.ps1","64","$ok = @($rows | Where-Object { $_.Status -eq ""OK"" }).Count"
"GREP_HIT","status","\\Server\CoCiviumAdmin\CoVault\CoCiviumAdmin\_Work\repos\CoStacks\tools\coguardian\scan.ps1","65","$miss = @($rows | Where-Object { $_.Status -like ""MISSING*"" }).Count"
"GREP_HIT","status","\\Server\CoCiviumAdmin\CoVault\CoCiviumAdmin\_Work\repos\CoStacks\tools\coguardian\scan.ps1","66","$need = @($rows | Where-Object { $_.Status -ne ""OK"" -and $_.Status -notlike ""MISSING*"" }).Count"
"GREP_HIT","status","\\Server\CoCiviumAdmin\CoVault\CoCiviumAdmin\_Work\repos\CoStacks\tools\coguardian\scan.ps1","74","$out.Add(""| Sub | Status | LastUTC | LastState | RAW |"")"
"GREP_HIT","status","\\Server\CoCiviumAdmin\CoVault\CoCiviumAdmin\_Work\repos\CoStacks\tools\coguardian\scan.ps1","77","$out.Add(""| $($r.Sub) | $($r.Status) | $($r.LastUTC) | $($r.LastState) | $($r.Url) |"")"
"GREP_HIT","ring","\\Server\CoCiviumAdmin\CoVault\CoCiviumAdmin\_Work\repos\CoStacks\docs\bootstrap\CoPrime__Migration_Sanity_Checklist__v7__MEGA__20260121.md","157","45. Add Partner/vendor intake checklist (NDA state, data sharing rules, storage location)."
"GREP_HIT","ring","\\Server\CoCiviumAdmin\CoVault\CoCiviumAdmin\_Work\repos\CoStacks\docs\bootstrap\CoPrime__Migration_Sanity_Checklist__v7__MEGA__20260121.md","162","50. Add Docs-ops cadence: recurring staleness sweep for pointers, LATEST files, and citations."
"GREP_HIT","ring","\\Server\CoCiviumAdmin\CoVault\CoCiviumAdmin\_Work\repos\CoStacks\docs\bootstrap\CoPrime__Migration_Sanity_Checklist__v7__MEGA__20260121.md","253","- What must be stripped before mirroring to GitHub."
"GREP_HIT","ring","\\Server\CoCiviumAdmin\CoVault\CoCiviumAdmin\_Work\repos\CoStacks\docs\bootstrap\CoPrime__Migration_Sanity_Checklist__v7__MEGA__20260121.md","282","## 5) Checklist: CoShare / CoSources folder hygiene (make storage inspiring, not a junk drawer)"
"GREP_HIT","ring","\\Server\CoCiviumAdmin\CoVault\CoCiviumAdmin\_Work\repos\CoStacks\docs\bootstrap\CoPrime__Migration_Sanity_Checklist__v7__MEGA__20260121.md","438","45. Add **Partner/vendor intake** checklist (NDA state, data sharing rules, storage location)."
"GREP_HIT","ring","\\Server\CoCiviumAdmin\CoVault\CoCiviumAdmin\_Work\repos\CoStacks\docs\bootstrap\CoPrime__Migration_Sanity_Checklist__v7__MEGA__20260121.md","599","### 6.1 Scoring (0–5 each)"
"GREP_HIT","ring","\\Server\CoCiviumAdmin\CoVault\CoCiviumAdmin\_Work\repos\CoStacks\docs\bootstrap\CoPrime__Migration_Sanity_Checklist__v7__MEGA__20260121.md","694","- **v3 (20260121)** — Added executable specs: CanonicalPaths.yml spec, PointerRegistry JSONL schema + behaviors, migration wave DoD, repo rubric scoring, CoMetaTrain/CoCTA schema, drift detector spec, and “Top next actions” section."
"GREP_HIT","ring","\\Server\CoCiviumAdmin\CoVault\CoCiviumAdmin\_Work\repos\CoStacks\docs\bootstrap\CoPrime__Migration_Sanity_Checklist__v7__MEGA__20260121.md","998","- wiring CI/automation to enforce rules"
"GREP_HIT","ring","\\Server\CoCiviumAdmin\CoVault\CoCiviumAdmin\_Work\repos\CoStacks\docs\bootstrap\CoPrime__Migration_Sanity_Checklist__v7__MEGA__20260121.md","1355","45. Add Partner/vendor intake checklist (NDA state, data sharing rules, storage location)."
"GREP_HIT","ring","\\Server\CoCiviumAdmin\CoVault\CoCiviumAdmin\_Work\repos\CoStacks\docs\bootstrap\CoPrime__Migration_Sanity_Checklist__v7__MEGA__20260121.md","1360","50. Add Docs-ops cadence: recurring staleness sweep for pointers, LATEST files, and citations."
"GREP_HIT","ring","\\Server\CoCiviumAdmin\CoVault\CoCiviumAdmin\_Work\repos\CoStacks\docs\bootstrap\CoPrime__Migration_Sanity_Checklist__v7__MEGA__20260121.md","1435","- Extend over time: add more roots, more strict checks, CI wiring."
"GREP_HIT","ring","\\Server\CoCiviumAdmin\CoVault\CoCiviumAdmin\_Work\repos\CoStacks\docs\bootstrap\previous_extracted\CoPrime__Migration_Sanity_Checklist__v2__20260121.md","58","- What must be stripped before mirroring to GitHub."
"GREP_HIT","ring","\\Server\CoCiviumAdmin\CoVault\CoCiviumAdmin\_Work\repos\CoStacks\docs\bootstrap\previous_extracted\CoPrime__Migration_Sanity_Checklist__v2__20260121.md","87","## 5) Checklist: CoShare / CoSources folder hygiene (make storage inspiring, not a junk drawer)"
"GREP_HIT","ring","\\Server\CoCiviumAdmin\CoVault\CoCiviumAdmin\_Work\repos\CoStacks\docs\bootstrap\previous_extracted\CoPrime__Migration_Sanity_Checklist__v2__20260121.md","243","45. Add **Partner/vendor intake** checklist (NDA state, data sharing rules, storage location)."
"GREP_HIT","ring","\\Server\CoCiviumAdmin\CoVault\CoCiviumAdmin\_Work\repos\CoStacks\docs\bootstrap\previous_extracted\CoPrime__Migration_Sanity_Checklist__v3__20260121.md","123","### 6.1 Scoring (0–5 each)"
"GREP_HIT","ring","\\Server\CoCiviumAdmin\CoVault\CoCiviumAdmin\_Work\repos\CoStacks\docs\bootstrap\previous_extracted\CoPrime__Migration_Sanity_Checklist__v3__20260121.md","218","- **v3 (20260121)** — Added executable specs: CanonicalPaths.yml spec, PointerRegistry JSONL schema + behaviors, migration wave DoD, repo rubric scoring, CoMetaTrain/CoCTA schema, drift detector spec, and “Top next actions” section."
"GREP_HIT","ring","\\Server\CoCiviumAdmin\CoVault\CoCiviumAdmin\_Work\repos\CoStacks\docs\bootstrap\previous_extracted\CoPrime__Migration_Sanity_Checklist__v4__20260121.md","293","- wiring CI/automation to enforce rules"
"GREP_HIT","ring","\\Server\CoCiviumAdmin\CoVault\CoCiviumAdmin\_Work\repos\CoStacks\docs\bootstrap\previous_extracted\CoPrime__Migration_Sanity_Checklist__v6__MEGA__20260121.md","215","45. Add Partner/vendor intake checklist (NDA state, data sharing rules, storage location)."
"GREP_HIT","ring","\\Server\CoCiviumAdmin\CoVault\CoCiviumAdmin\_Work\repos\CoStacks\docs\bootstrap\previous_extracted\CoPrime__Migration_Sanity_Checklist__v6__MEGA__20260121.md","220","50. Add Docs-ops cadence: recurring staleness sweep for pointers, LATEST files, and citations."
"GREP_HIT","ring","\\Server\CoCiviumAdmin\CoVault\CoCiviumAdmin\_Work\repos\CoStacks\docs\bootstrap\previous_extracted\TOOLS_README.md","30","- Extend over time: add more roots, more strict checks, CI wiring."
"GREP_HIT","ring","\\Server\CoCiviumAdmin\CoVault\CoCiviumAdmin\_Work\repos\CoStacks\docs\specs\CoGuardian_Tray_Contract.md","14","- Headless sentinel runner (service/task) does monitoring."
"GREP_HIT","ring","\\Server\CoCiviumAdmin\CoVault\CoCiviumAdmin\_Work\repos\CoStacks\docs\specs\CoGuardian_Tray_Contract.md","23","- Activity: subtle animation or progress ring while work is happening."
"GREP_HIT","ring","\\Server\CoCiviumAdmin\CoVault\CoCiviumAdmin\_Work\repos\CoStacks\docs\specs\CoGuardian_Tray_Contract.md","27","Recommended “ring” semantics:"
"GREP_HIT","ring","\\Server\CoCiviumAdmin\CoVault\CoCiviumAdmin\_Work\repos\CoStacks\docs\specs\CoGuardian_Tray_Contract.md","28","- Outer ring = liveness heartbeat (ticks/rotates once per N seconds)."
"GREP_HIT","ring","\\Server\CoCiviumAdmin\CoVault\CoCiviumAdmin\_Work\repos\CoStacks\docs\specs\CoGuardian_Tray_Contract.md","29","- Inner ring = active work progress (0–100%), resets to 0 when idle."
"GREP_HIT","ring","\\Server\CoCiviumAdmin\CoVault\CoCiviumAdmin\_Work\repos\CoStacks\docs\state\HANDOFF_PACKET__PRIME__260304__20260304T194444Z.md","39","## Non-goals (do NOT do during bootstrap)"
"GREP_HIT","ring","\\Server\CoCiviumAdmin\CoVault\CoCiviumAdmin\_Work\repos\CoStacks\docs\state\HANDOFF_PACKET__PRIME__260304__20260304T194444Z.md","40","- Do not rewrite MasterPlan during bootstrap."
"GREP_HIT","ring","\\Server\CoCiviumAdmin\CoVault\CoCiviumAdmin\_Work\repos\CoStacks\schemas\PointerRegistryEntry.schema.json","18","""type"": ""string"","
"GREP_HIT","ring","\\Server\CoCiviumAdmin\CoVault\CoCiviumAdmin\_Work\repos\CoStacks\schemas\PointerRegistryEntry.schema.json","22","""type"": ""string"","
"GREP_HIT","ring","\\Server\CoCiviumAdmin\CoVault\CoCiviumAdmin\_Work\repos\CoStacks\schemas\PointerRegistryEntry.schema.json","26","""type"": ""string"","
"GREP_HIT","ring","\\Server\CoCiviumAdmin\CoVault\CoCiviumAdmin\_Work\repos\CoStacks\schemas\PointerRegistryEntry.schema.json","32","""type"": ""string"""
"GREP_HIT","ring","\\Server\CoCiviumAdmin\CoVault\CoCiviumAdmin\_Work\repos\CoStacks\schemas\PointerRegistryEntry.schema.json","37","""type"": ""string"","
"GREP_HIT","ring","\\Server\CoCiviumAdmin\CoVault\CoCiviumAdmin\_Work\repos\CoStacks\schemas\PointerRegistryEntry.schema.json","41","""type"": ""string"","
"GREP_HIT","ring","\\Server\CoCiviumAdmin\CoVault\CoCiviumAdmin\_Work\repos\CoStacks\schemas\PointerRegistryEntry.schema.json","45","""type"": ""string"","
"GREP_HIT","ring","\\Server\CoCiviumAdmin\CoVault\CoCiviumAdmin\_Work\repos\CoStacks\schemas\PointerRegistryEntry.schema.json","49","""type"": ""string"","
"GREP_HIT","ring","\\Server\CoCiviumAdmin\CoVault\CoCiviumAdmin\_Work\repos\CoStacks\schemas\PointerRegistryEntry.schema.json","58","""type"": ""string"","
"GREP_HIT","ring","\\Server\CoCiviumAdmin\CoVault\CoCiviumAdmin\_Work\repos\CoStacks\templates\RepoAboutExamples.template.md","2","Goal: short, concrete, inspiring, seed-stage honest. 120–160 characters."
"GREP_HIT","ring","\\Server\CoCiviumAdmin\CoVault\CoCiviumAdmin\_Work\repos\CoStacks\tools\coguardian\extension_mv3\service_worker.js","6","chrome.storage.local.set({ lastHeartbeatUtc: new Date().toISOString() });"
"GREP_HIT","ring","\\Server\CoCiviumAdmin\CoVault\CoCiviumAdmin\_Work\repos\CoStacks\tools\coguardian\scan.ps1","2","[Parameter(Mandatory=$true)][string]$CoBusMirrorSha,"
"GREP_HIT","ring","\\Server\CoCiviumAdmin\CoVault\CoCiviumAdmin\_Work\repos\CoStacks\tools\coguardian\scan.ps1","4","[Parameter(Mandatory=$false)][string]$OutPath = ""docs/COHEALTH__LATEST.md"""
"GREP_HIT","ring","\\Server\CoCiviumAdmin\CoVault\CoCiviumAdmin\_Work\repos\CoStacks\tools\coguardian\scan.ps1","11","function UTS { (Get-Date).ToUniversalTime().ToString('yyyyMMddTHHmmssZ') }"
"GREP_HIT","ring","\\Server\CoCiviumAdmin\CoVault\CoCiviumAdmin\_Work\repos\CoStacks\tools\coguardian\scan.ps1","13","function Fetch([string]$url){"
"GREP_HIT","ring","\\Server\CoCiviumAdmin\CoVault\CoCiviumAdmin\_Work\repos\CoStacks\tools\coguardian\scan.ps1","47","if([string]::IsNullOrWhiteSpace($lastUtc)){ $status = ""NEEDS_UTC"" }"
"GREP_HIT","ring","\\Server\CoCiviumAdmin\CoVault\CoCiviumAdmin\_Work\repos\CoStacks\tools\coguardian\scan.ps1","48","elseif([string]::IsNullOrWhiteSpace($lastState)){ $status = ""NEEDS_STATE"" }"
"GREP_HIT","ring","\\Server\CoCiviumAdmin\CoVault\CoCiviumAdmin\_Work\repos\CoStacks\tools\coguardian\scan.ps1","53","$out = New-Object System.Collections.Generic.List[string]"
"GREP_HIT","ring","\\Server\CoCiviumAdmin\CoVault\CoCiviumAdmin\_Work\repos\CoStacks\tools\coguardian\tray\Install-CoGuardianTrayStartup.ps1","3","[string]$RepoRoot = ""$PSScriptRoot\..\..\.."""
"GREP_HIT","ring","\\Server\CoCiviumAdmin\CoVault\CoCiviumAdmin\_Work\repos\CoStacks\tools\coguardian\tray\Install-CoGuardianTrayStartup.ps1","9","function Fail([string]$m){ throw ""FAIL: $m"" }"
"GREP_HIT","ring","\\Server\CoCiviumAdmin\CoVault\CoCiviumAdmin\_Work\repos\CoStacks\tools\coguardian\tray\Install-CoGuardianTrayStartup.ps1","23","# Build argument string with quoting where needed"
"GREP_HIT","ring","\\Server\CoCiviumAdmin\CoVault\CoCiviumAdmin\_Work\repos\CoStacks\tools\coguardian\tray\Install-CoGuardianTrayStartup.ps1","25","$s = [string]$_"
"GREP_HIT","ring","\\Server\CoCiviumAdmin\CoVault\CoCiviumAdmin\_Work\repos\CoStacks\tools\coprime.drift_scan.ps1","2","[Parameter(Mandatory=$true)][string]$Manifest,"
"GREP_HIT","ring","\\Server\CoCiviumAdmin\CoVault\CoCiviumAdmin\_Work\repos\CoStacks\tools\coprime.drift_scan.ps1","3","[Parameter(Mandatory=$false)][string]$Root = (Split-Path $PSScriptRoot -Parent)"
"GREP_HIT","ring","\\Server\CoCiviumAdmin\CoVault\CoCiviumAdmin\_Work\repos\CoStacks\tools\coprime.drift_scan.ps1","16","foreach($e in @($m.files)){ $want[$e.path] = ([string]$e.sha256).ToLowerInvariant() }"
"GREP_HIT","ring","\\Server\CoCiviumAdmin\CoVault\CoCiviumAdmin\_Work\repos\CoStacks\tools\coprime.drift_scan.ps1","21","$rel = $_.FullName.Substring($rootFull.Length).TrimStart('\','/')"
"GREP_HIT","ring","\\Server\CoCiviumAdmin\CoVault\CoCiviumAdmin\_Work\repos\CoStacks\tools\coprime.manifest.ps1","2","[Parameter(Mandatory=$false)][string]$Root = (Split-Path $PSScriptRoot -Parent),"
"GREP_HIT","ring","\\Server\CoCiviumAdmin\CoVault\CoCiviumAdmin\_Work\repos\CoStacks\tools\coprime.manifest.ps1","3","[Parameter(Mandatory=$false)][string]$Out  = (Join-Path (Split-Path $PSScriptRoot -Parent) (""MANIFEST_{0}.json"" -f (Get-Date).ToUniversalTime().ToString('yyyyMMddTHHmmssZ')))"
"GREP_HIT","ring","\\Server\CoCiviumAdmin\CoVault\CoCiviumAdmin\_Work\repos\CoStacks\tools\coprime.manifest.ps1","22","$rel = $f.FullName.Substring($rootFull.Length).TrimStart('\','/')"
"GREP_HIT","ring","\\Server\CoCiviumAdmin\CoVault\CoCiviumAdmin\_Work\repos\CoStacks\tools\coprime.manifest.ps1","32","generated_utc    = (Get-Date).ToUniversalTime().ToString('yyyyMMddTHHmmssZ')"
"GREP_HIT","ring","\\Server\CoCiviumAdmin\CoVault\CoCiviumAdmin\_Work\repos\CoStacks\tools\coprime.validate.ps1","3","[string]$PathsFile = (Join-Path (Split-Path $PSScriptRoot -Parent) 'CanonicalPaths.yml')"
"GREP_HIT","ring","\\Server\CoCiviumAdmin\CoVault\CoCiviumAdmin\_Work\repos\CoStacks\tools\coprime.validate.ps1","9","function Fail([string]$msg){"
"GREP_HIT","ring","\\Server\CoCiviumAdmin\CoVault\CoCiviumAdmin\_Work\repos\CoStacks\tools\coprime.validate.ps1","24","if([string]::IsNullOrWhiteSpace($t)){ continue }"
"GREP_HIT","ring","\\Server\CoCiviumAdmin\CoVault\CoCiviumAdmin\_Work\repos\CoStacks\tools\coprime.validate.ps1","49","if(-not $map.ContainsKey($k) -or [string]::IsNullOrWhiteSpace([string]$map[$k])){"
"GREP_HIT","ring","\\Server\CoCiviumAdmin\CoVault\CoCiviumAdmin\_Work\repos\CoStacks\tools\coprime.validate.ps1","72","if([string]::IsNullOrWhiteSpace($t)){ continue }"
"GREP_HIT","ring","\\Server\CoCiviumAdmin\CoVault\CoCiviumAdmin\_Work\repos\CoStacks\tools\coprime.validate.ps1","79","$has = ($obj.PSObject.Properties.Name -contains $rk) -and -not [string]::IsNullOrWhiteSpace([string]$obj.$rk)"
"GREP_HIT","ring","\\Server\CoCiviumAdmin\CoVault\CoCiviumAdmin\_Work\repos\CoStacks\tools\coprime.verify_manifest.ps1","2","[Parameter(Mandatory=$true)][string]$Manifest,"
"GREP_HIT","ring","\\Server\CoCiviumAdmin\CoVault\CoCiviumAdmin\_Work\repos\CoStacks\tools\coprime.verify_manifest.ps1","3","[Parameter(Mandatory=$false)][string]$Root = (Split-Path $PSScriptRoot -Parent)"
"GREP_HIT","ring","\\Server\CoCiviumAdmin\CoVault\CoCiviumAdmin\_Work\repos\CoStacks\tools\coprime.verify_manifest.ps1","9","function Fail([string]$msg){ Write-Host $msg; exit 1 }"
"GREP_HIT","ring","\\Server\CoCiviumAdmin\CoVault\CoCiviumAdmin\_Work\repos\CoStacks\tools\coprime.verify_manifest.ps1","25","if($h -ne ([string]$e.sha256).ToLowerInvariant()){"
"GREP_HIT","ring","\\Server\CoCiviumAdmin\CoVault\CoCiviumAdmin\_Work\repos\CoStacks\tools\TOOLS_README.md","30","- Extend over time: add more roots, more strict checks, CI wiring."
"GREP_HIT","progress","\\Server\CoCiviumAdmin\CoVault\CoCiviumAdmin\_Work\repos\CoStacks\docs\specs\CoGuardian_Tray_Contract.md","23","- Activity: subtle animation or progress ring while work is happening."
"GREP_HIT","progress","\\Server\CoCiviumAdmin\CoVault\CoCiviumAdmin\_Work\repos\CoStacks\docs\specs\CoGuardian_Tray_Contract.md","29","- Inner ring = active work progress (0–100%), resets to 0 when idle."
"GREP_HIT","progress","\\Server\CoCiviumAdmin\CoVault\CoCiviumAdmin\_Work\repos\CoStacks\tools\coguardian\scan.ps1","9","$ProgressPreference = 'SilentlyContinue'"
"AUTORUN","STARTUP_LNK","CoGuardianTray.lnk","C:\Users\rball\AppData\Roaming\Microsoft\Windows\Start Menu\Programs\Startup\CoGuardianTray.lnk",""
"AUTORUN","RUN_KEY","HKCU:\Software\Microsoft\Windows\CurrentVersion\Run:electron.app.Bitwarden","","C:\Program Files\Bitwarden\Bitwarden.exe"
"AUTORUN","RUN_KEY","HKCU:\Software\Microsoft\Windows\CurrentVersion\Run:com.reolink.app","","C:\Program Files\Reolink\Reolink.exe"
"AUTORUN","RUN_KEY","HKCU:\Software\Microsoft\Windows\CurrentVersion\Run:LenovoVantage","","C:\ProgramData\Lenovo\Vantage\Addins\LenovoCompanionAppAddin\1.0.0.51\LenovoVantage.exe"
"AUTORUN","RUN_KEY","HKLM:\Software\Microsoft\Windows\CurrentVersion\Run:SecurityHealth","","C:\WINDOWS\system32\SecurityHealthSystray.exe"
"AUTORUN","RUN_KEY","HKLM:\Software\Microsoft\Windows\CurrentVersion\Run:Logitech Download Assistant","","C:\Windows\system32\rundll32.exe C:\Windows\System32\LogiLDA.dll,LogiFetch"
"AUTORUN","SCHED_TASK","(skip)","","Get-ScheduledTask unavailable or access denied"
"TRAY_PROC","pwsh.exe","3292","2026-03-05 10:53:46 AM","""C:\Users\rball\AppData\Local\Microsoft\WindowsApps\pwsh.exe"" -NoProfile -Sta -ExecutionPolicy Bypass -File \\Server\CoCiviumAdmin\CoVault\CoCiviumAdmin\_Work\repos\CoStacks\tools\coguardian\tray\CoGuardianTray.ps1 "
"INVENTORY","DIR","\\Server\CoCiviumAdmin\CoVault\CoCiviumAdmin\_Work\repos\CoStacks\tools\coguardian","exists",""
"INVENTORY","DIR_CHILD","\\Server\CoCiviumAdmin\CoVault\CoCiviumAdmin\_Work\repos\CoStacks\tools\coguardian\extension_mv3","",""
"INVENTORY","DIR_CHILD","\\Server\CoCiviumAdmin\CoVault\CoCiviumAdmin\_Work\repos\CoStacks\tools\coguardian\tray","",""
"INVENTORY","FILE_CHILD","\\Server\CoCiviumAdmin\CoVault\CoCiviumAdmin\_Work\repos\CoStacks\tools\coguardian\scan.ps1","",""
"INVENTORY","DIR","\\Server\CoCiviumAdmin\CoVault\CoCiviumAdmin\_Work\repos\CoStacks\tools\coguard","missing",""
"INVENTORY","DIR","\\Server\CoCiviumAdmin\CoVault\CoCiviumAdmin\_Work\repos\CoStacks\tools","exists",""
"INVENTORY","DIR_CHILD","\\Server\CoCiviumAdmin\CoVault\CoCiviumAdmin\_Work\repos\CoStacks\tools\coguardian","",""
"INVENTORY","FILE_CHILD","\\Server\CoCiviumAdmin\CoVault\CoCiviumAdmin\_Work\repos\CoStacks\tools\CanonicalPaths.template.yml","",""
"INVENTORY","FILE_CHILD","\\Server\CoCiviumAdmin\CoVault\CoCiviumAdmin\_Work\repos\CoStacks\tools\coprime.drift_scan.ps1","",""
"INVENTORY","FILE_CHILD","\\Server\CoCiviumAdmin\CoVault\CoCiviumAdmin\_Work\repos\CoStacks\tools\coprime.manifest.ps1","",""
"INVENTORY","FILE_CHILD","\\Server\CoCiviumAdmin\CoVault\CoCiviumAdmin\_Work\repos\CoStacks\tools\coprime.validate.ps1","",""
"INVENTORY","FILE_CHILD","\\Server\CoCiviumAdmin\CoVault\CoCiviumAdmin\_Work\repos\CoStacks\tools\coprime.verify_manifest.ps1","",""
"INVENTORY","FILE_CHILD","\\Server\CoCiviumAdmin\CoVault\CoCiviumAdmin\_Work\repos\CoStacks\tools\PointerRegistry.template.jsonl","",""
"INVENTORY","FILE_CHILD","\\Server\CoCiviumAdmin\CoVault\CoCiviumAdmin\_Work\repos\CoStacks\tools\TOOLS_README.md","",""
"INVENTORY","DIR","\\Server\CoCiviumAdmin\CoVault\CoCiviumAdmin\_Work\repos\CoStacks\docs\specs","exists",""
"INVENTORY","FILE_CHILD","\\Server\CoCiviumAdmin\CoVault\CoCiviumAdmin\_Work\repos\CoStacks\docs\specs\CoGuardian_Tray_Contract.md","",""
"INVENTORY","FILE_CHILD","\\Server\CoCiviumAdmin\CoVault\CoCiviumAdmin\_Work\repos\CoStacks\docs\specs\PrimeBootstrapProtocol.md","",""
"INVENTORY","DIR","\\Server\CoCiviumAdmin\CoVault\CoCiviumAdmin\_Work\repos\CoStacks\docs\state","exists",""
"INVENTORY","DIR_CHILD","\\Server\CoCiviumAdmin\CoVault\CoCiviumAdmin\_Work\repos\CoStacks\docs\state\receipts","",""
"INVENTORY","DIR_CHILD","\\Server\CoCiviumAdmin\CoVault\CoCiviumAdmin\_Work\repos\CoStacks\docs\state\reports","",""
"INVENTORY","FILE_CHILD","\\Server\CoCiviumAdmin\CoVault\CoCiviumAdmin\_Work\repos\CoStacks\docs\state\HANDOFF_PACKET__PRIME__260304__20260304T194444Z.md","",""
"INVENTORY","FILE_CHILD","\\Server\CoCiviumAdmin\CoVault\CoCiviumAdmin\_Work\repos\CoStacks\docs\state\RECEIPT__COGUARDIAN_INSTALL__20260305T133932Z.txt","",""
"INVENTORY","FILE_CHILD","\\Server\CoCiviumAdmin\CoVault\CoCiviumAdmin\_Work\repos\CoStacks\docs\state\STATE_ANCHOR__PRIME__260216__TO__260304__20260304T194444Z.md","",""
"INVENTORY","DIR","\\Server\CoCiviumAdmin\CoVault\CoCiviumAdmin\_Work\repos\CoStacks\docs\COBUS_LITE","missing",""
"INVENTORY","DIR","\\Server\CoCiviumAdmin\CoVault\CoCiviumAdmin\_Work\repos\CoStacks\src","missing",""
"INVENTORY","DIR","\\Server\CoCiviumAdmin\CoVault\CoCiviumAdmin\_Work\repos\CoStacks\app","missing",""
"INVENTORY","DIR","\\Server\CoCiviumAdmin\CoVault\CoCiviumAdmin\_Work\repos\CoStacks\extensions","missing",""
"INVENTORY","DIR","\\Server\CoCiviumAdmin\CoVault\CoCiviumAdmin\_Work\repos\CoStacks\browser","missing",""
"INVENTORY","DIR","\\Server\CoCiviumAdmin\CoVault\CoCiviumAdmin\_Work\repos\CoStacks\web","missing",""
"INVENTORY","DIR","\\Server\CoCiviumAdmin\CoVault\CoCiviumAdmin\_Work\repos\CoStacks\clients","missing",""
"INVENTORY","TRAY_SCRIPT","\\Server\CoCiviumAdmin\CoVault\CoCiviumAdmin\_Work\repos\CoStacks\tools\coguardian\tray\CoGuardianTray.ps1","len=3073",""
"INVENTORY","TRAY_SCRIPT","\\Server\CoCiviumAdmin\CoVault\CoCiviumAdmin\_Work\repos\CoStacks\tools\coguardian\tray\Install-CoGuardianTrayStartup.ps1","len=1624",""
"INVENTORY","TRAY_SCRIPT","\\Server\CoCiviumAdmin\CoVault\CoCiviumAdmin\_Work\repos\CoStacks\tools\coguardian\tray\Uninstall-CoGuardianTrayStartup.ps1","len=565",""
